{
    "f1_score": 0.9058573365382225,
    "recall": 0.9060773480662984,
    "precision": 0.909909181244656
}
