{
    "f1_score": 0.949987716965461,
    "recall": 0.95,
    "precision": 0.9504425153692979
}
