{
    "f1_score": 0.8984921756742485,
    "recall": 0.8988536749831423,
    "precision": 0.904544319498297
}
