{
    "f1_score": 0.9002777714010237,
    "recall": 0.9005524861878453,
    "precision": 0.9050154320987653
}
